{
  "timestamp": "2026-04-19T15:55:38.915983",
  "simulation_steps": 200,
  "scenario": "night_shift",
  "mode": "auto",
  "total_robots": 8,
  "robots_completed": 0,
  "completion_rate": "0/8",
  "metrics": {
    "total_steps": 200,
    "deadlocks_resolved": 0,
    "avg_delay_per_robot": 184.75,
    "throughput": 0.0,
    "robots_completed": 0,
    "total_robots": 8,
    "conflict_log": [],
    "throughput_history": [
      0,
      0,
      0,
      0,
      0,
      0,
      0,
      0,
      0,
      0,
      0,
      0,
      0,
      0,
      0,
      0,
      0,
      0,
      0,
      0
    ]
  },
  "heatmap_stats": {
    "total_traversals": 6,
    "hotspots": [
      [
        2,
        3,
        1.0
      ],
      [
        0,
        1,
        0.5034657359027997
      ],
      [
        1,
        5,
        0.5034657359027997
      ],
      [
        2,
        6,
        0.5034657359027997
      ],
      [
        3,
        2,
        0.5034657359027997
      ]
    ],
    "step_history": [
      {
        "step": 110,
        "hotspots": [
          [
            2,
            3,
            1.0
          ],
          [
            0,
            1,
            0.5034657359027997
          ],
          [
            1,
            5,
            0.5034657359027997
          ],
          [
            2,
            6,
            0.5034657359027997
          ],
          [
            3,
            2,
            0.5034657359027997
          ]
        ]
      },
      {
        "step": 120,
        "hotspots": [
          [
            2,
            3,
            1.0
          ],
          [
            0,
            1,
            0.5034657359027997
          ],
          [
            1,
            5,
            0.5034657359027997
          ],
          [
            2,
            6,
            0.5034657359027997
          ],
          [
            3,
            2,
            0.5034657359027997
          ]
        ]
      },
      {
        "step": 130,
        "hotspots": [
          [
            2,
            3,
            1.0
          ],
          [
            0,
            1,
            0.5034657359027997
          ],
          [
            1,
            5,
            0.5034657359027997
          ],
          [
            2,
            6,
            0.5034657359027997
          ],
          [
            3,
            2,
            0.5034657359027997
          ]
        ]
      },
      {
        "step": 140,
        "hotspots": [
          [
            2,
            3,
            1.0
          ],
          [
            0,
            1,
            0.5034657359027997
          ],
          [
            1,
            5,
            0.5034657359027997
          ],
          [
            2,
            6,
            0.5034657359027997
          ],
          [
            3,
            2,
            0.5034657359027997
          ]
        ]
      },
      {
        "step": 150,
        "hotspots": [
          [
            2,
            3,
            1.0
          ],
          [
            0,
            1,
            0.5034657359027997
          ],
          [
            1,
            5,
            0.5034657359027997
          ],
          [
            2,
            6,
            0.5034657359027997
          ],
          [
            3,
            2,
            0.5034657359027997
          ]
        ]
      },
      {
        "step": 160,
        "hotspots": [
          [
            2,
            3,
            1.0
          ],
          [
            0,
            1,
            0.5034657359027997
          ],
          [
            1,
            5,
            0.5034657359027997
          ],
          [
            2,
            6,
            0.5034657359027997
          ],
          [
            3,
            2,
            0.5034657359027997
          ]
        ]
      },
      {
        "step": 170,
        "hotspots": [
          [
            2,
            3,
            1.0
          ],
          [
            0,
            1,
            0.5034657359027997
          ],
          [
            1,
            5,
            0.5034657359027997
          ],
          [
            2,
            6,
            0.5034657359027997
          ],
          [
            3,
            2,
            0.5034657359027997
          ]
        ]
      },
      {
        "step": 180,
        "hotspots": [
          [
            2,
            3,
            1.0
          ],
          [
            0,
            1,
            0.5034657359027997
          ],
          [
            1,
            5,
            0.5034657359027997
          ],
          [
            2,
            6,
            0.5034657359027997
          ],
          [
            3,
            2,
            0.5034657359027997
          ]
        ]
      },
      {
        "step": 190,
        "hotspots": [
          [
            2,
            3,
            1.0
          ],
          [
            0,
            1,
            0.5034657359027997
          ],
          [
            1,
            5,
            0.5034657359027997
          ],
          [
            2,
            6,
            0.5034657359027997
          ],
          [
            3,
            2,
            0.5034657359027997
          ]
        ]
      },
      {
        "step": 200,
        "hotspots": [
          [
            2,
            3,
            1.0
          ],
          [
            0,
            1,
            0.5034657359027997
          ],
          [
            1,
            5,
            0.5034657359027997
          ],
          [
            2,
            6,
            0.5034657359027997
          ],
          [
            3,
            2,
            0.5034657359027997
          ]
        ]
      }
    ]
  },
  "trajectories": {
    "R0": [
      {
        "node": 1,
        "step": 12
      }
    ],
    "R1": [],
    "R2": [
      {
        "node": 5,
        "step": 4
      },
      {
        "node": 9,
        "step": 9
      }
    ],
    "R3": [],
    "R4": [
      {
        "node": 6,
        "step": 4
      },
      {
        "node": 10,
        "step": 9
      }
    ],
    "R5": [],
    "R6": [
      {
        "node": 2,
        "step": 11
      }
    ],
    "R7": []
  },
  "robot_summary": [
    {
      "id": "R0",
      "start": 0,
      "goal": 19,
      "status": "WAITING",
      "replan_count": 11,
      "steps_waiting": 5,
      "goal_reached_step": null
    },
    {
      "id": "R1",
      "start": 19,
      "goal": 0,
      "status": "WAITING",
      "replan_count": 11,
      "steps_waiting": 13,
      "goal_reached_step": null
    },
    {
      "id": "R2",
      "start": 1,
      "goal": 18,
      "status": "WAITING",
      "replan_count": 11,
      "steps_waiting": 4,
      "goal_reached_step": null
    },
    {
      "id": "R3",
      "start": 18,
      "goal": 1,
      "status": "WAITING",
      "replan_count": 11,
      "steps_waiting": 13,
      "goal_reached_step": null
    },
    {
      "id": "R4",
      "start": 2,
      "goal": 17,
      "status": "WAITING",
      "replan_count": 11,
      "steps_waiting": 4,
      "goal_reached_step": null
    },
    {
      "id": "R5",
      "start": 17,
      "goal": 2,
      "status": "WAITING",
      "replan_count": 11,
      "steps_waiting": 13,
      "goal_reached_step": null
    },
    {
      "id": "R6",
      "start": 3,
      "goal": 16,
      "status": "WAITING",
      "replan_count": 11,
      "steps_waiting": 5,
      "goal_reached_step": null
    },
    {
      "id": "R7",
      "start": 16,
      "goal": 3,
      "status": "WAITING",
      "replan_count": 11,
      "steps_waiting": 13,
      "goal_reached_step": null
    }
  ],
  "battery_stats": {
    "final_batteries": {
      "R0": 36.0000000000005,
      "R1": 61.649999999999494,
      "R2": 56.349999999999554,
      "R3": 61.649999999999494,