{
  "timestamp": "2026-04-19T16:19:01.681509",
  "simulation_steps": 85,
  "scenario": "emergency",
  "mode": "auto",
  "total_robots": 10,
  "robots_completed": 10,
  "completion_rate": "10/10",
  "metrics": {
    "total_steps": 85,
    "deadlocks_resolved": 0,
    "avg_delay_per_robot": 33.0,
    "throughput": 0.1176,
    "robots_completed": 10,
    "total_robots": 10,
    "conflict_log": [],
    "throughput_history": [
      0,
      0,
      0,
      0,
      3,
      5,
      8,
      9
    ]
  },
  "heatmap_stats": {
    "total_traversals": 34,
    "hotspots": [
      [
        6,
        10,
        0.5069314718055995
      ],
      [
        8,
        12,
        0.5069314718055995
      ],
      [
        10,
        14,
        0.5069314718055995
      ],
      [
        12,
        16,
        0.5069314718055995
      ],
      [
        13,
        17,
        0.5069314718055995
      ]
    ],
    "step_history": [
      {
        "step": 10,
        "hotspots": [
          [
            0,
            4,
            0.5
          ],
          [
            1,
            5,
            0.5
          ],
          [
            2,
            6,
            0.5
          ],
          [
            3,
            7,
            0.5
          ],
          [
            4,
            8,
            0.5
          ]
        ]
      },
      {
        "step": 20,
        "hotspots": [
          [
            0,
            4,
            0.5
          ],
          [
            1,
            5,
            0.5
          ],
          [
            2,
            6,
            0.5
          ],
          [
            3,
            7,
            0.5
          ],
          [
            4,
            8,
            0.5
          ]
        ]
      },
      {
        "step": 30,
        "hotspots": [
          [
            0,
            4,
            0.5
          ],
          [
            1,
            5,
            0.5
          ],
          [
            2,
            6,
            0.5
          ],
          [
            3,
            7,
            0.5
          ],
          [
            4,
            8,
            0.5
          ]
        ]
      },
      {
        "step": 40,
        "hotspots": [
          [
            2,
            6,
            0.5034657359027997
          ],
          [
            6,
            10,
            0.5034657359027997
          ],
          [
            7,
            11,
            0.5034657359027997
          ],
          [
            10,
            14,
            0.5034657359027997
          ],
          [
            0,
            4,
            0.5
          ]
        ]
      },
      {
        "step": 50,
        "hotspots": [
          [
            6,
            10,
            0.5054930614433405
          ],
          [
            7,
            11,
            0.5054930614433405
          ],
          [
            10,
            14,
            0.5054930614433405
          ],
          [
            0,
            4,
            0.5034657359027997
          ],
          [
            2,
            6,
            0.5034657359027997
          ]
        ]
      },
      {
        "step": 60,
        "hotspots": [
          [
            4,
            8,
            0.5054930614433405
          ],
          [
            6,
            10,
            0.5054930614433405
          ],
          [
            7,
            11,
            0.5054930614433405
          ],
          [
            8,
            12,
            0.5054930614433405
          ],
          [
            9,
            13,
            0.5054930614433405
          ]
        ]
      },
      {
        "step": 70,
        "hotspots": [
          [
            6,
            10,
            0.5069314718055995
          ],
          [
            8,
            12,
            0.5069314718055995
          ],
          [
            4,
            8,
            0.5054930614433405
          ],
          [
            7,
            11,
            0.5054930614433405
          ],
          [
            9,
            13,
            0.5054930614433405
          ]
        ]
      },
      {
        "step": 80,
        "hotspots": [
          [
            6,
            10,
            0.5069314718055995
          ],
          [
            8,
            12,
            0.5069314718055995
          ],
          [
            10,
            14,
            0.5069314718055995
          ],
          [
            12,
            16,
            0.5069314718055995
          ],
          [
            4,
            8,
            0.5054930614433405
          ]
        ]
      }
    ]
  },
  "trajectories": {
    "R0": [
      {
        "node": 4,
        "step": 49
      },
      {
        "node": 8,
        "step": 60
      },
      {
        "node": 12,
        "step": 68
      },
      {
        "node": 16,
        "step": 76
      }
    ],
    "R1": [
      {
        "node": 5,
        "step": 56
      },
      {
        "node": 6,
        "step": 62
      },
      {
        "node": 10,
        "step": 69
      },
      {
        "node": 14,
        "step": 74
      },
      {
        "node": 13,
        "step": 77
      },
      {
        "node": 17,
        "step": 85
      }
    ],
    "R2": [
      {
        "node": 6,
        "step": 38
      },
      {
        "node": 10,
        "step": 45
      },
      {
        "node": 14,
        "step": 50
      },
      {
        "node": 18,
        "step": 58
      }
    ],
    "R3": [
      {
        "node": 7,
        "step": 43
      },
      {
        "node": 11,
        "step": 50
      },
      {
        "node": 15,
        "step": 55
      },
      {
        "node": 19,
        "step": 63
      }
    ],
    "R4": [
      {
        "node": 8,
        "step": 46
      },
      {
        "node": 12,
        "step": 55
      },
      {
        "node": 16,
        "step": 63
      }
    ],
    "R5": [
      {
        "node": 9,
        "step": 53
      },
      {
        "node": 13,
        "step": 60
      },
      {
        "node": 17,
        "step": 68
      }
    ],
    "R6": [
      {
        "node": 10,
        "step": 35
      },
      {
        "node": 14,
        "step": 38
      },
      {
        "node": 18,
        "step": 45
      }
    ],
    "R7": [
      {
        "node": 11,
        "step": 40
      },
      {
        "node": 15,
        "step": 43
      },
      {
        "node": 19,
        "step": 50
      }
    ],
    "R8": [
      {
        "node": 12,
        "step": 43
      },
      {
        "node": 16,
        "step": 50
      }
    ],
    "R9": [
      {
        "node": 13,
        "step": 48
      },
      {
        "node": 17,
        "step": 55
      }
    ]
  },
  "robot_summary": [
    {
      "id": "R0",
      "start": 0,
      "goal": 19,
      "status": "GOAL_REACHED",
      "replan_count": 3,
      "steps_waiting": 4,
      "goal_reached_step": 76
    },
    {
      "id": "R1",
      "start": 1,
      "goal": 18,
      "status": "GOAL_REACHED",
      "replan_count": 3,
      "steps_waiting": 0,
      "goal_reached_step": 85
    },
    {
      "id": "R2",
      "start": 2,
      "goal": 17,
      "status": "GOAL_REACHED",
      "replan_count": 1,
      "steps_waiting": 8,
      "goal_reached_step": 58
    },
    {
      "id": "R3",
      "start": 3,
      "goal": 16,
      "status": "GOAL_REACHED",
      "replan_count": 1,
      "steps_waiting": 8,
      "goal_reached_step": 63
    },
    {
      "id": "R4",
      "start": 4,
      "goal": 15,
      "status": "GOAL_REACHED",
      "replan_count": 1,
      "steps_waiting": 10,
      "goal_reached_step": 63
    },
    {
      "id": "R5",
      "start": 5,
      "goal": 14,
      "status": "GOAL_REACHED",
      "replan_count": 1,
      "steps_waiting": 8,
      "goal_reached_step": 68
    },
    {
      "id": "R6",
      "start": 6,
      "goal": 13,