{
  "timestamp": "2026-04-19T13:57:04.024760",
  "simulation_steps": 50,
  "scenario": "test",
  "mode": "auto",
  "total_robots": 8,
  "robots_completed": 0,
  "completion_rate": "0/8",
  "metrics": {
    "total_steps": 50,
    "deadlocks_resolved": 0,
    "avg_delay_per_robot": 28.88,
    "throughput": 0.0,
    "robots_completed": 0,
    "total_robots": 8,
    "conflict_log": [],
    "throughput_history": [
      0,
      0,
      0,
      0,
      0
    ]
  },
  "heatmap_stats": {
    "total_traversals": 3,
    "hotspots": [
      [
        4,
        8,
        0.5034657359027997
      ],
      [
        8,
        9,
        0.5034657359027997
      ],
      [
        9,
        10,
        0.5034657359027997
      ],
      [
        0,
        1,
        0.5
      ],
      [
        1,
        5,
        0.5
      ]
    ],
    "step_history": [
      {
        "step": 10,
        "hotspots": [
          [
            0,
            1,
            0.5
          ],
          [
            1,
            5,
            0.5
          ],
          [
            2,
            6,
            0.5
          ],
          [
            3,
            2,
            0.5
          ],
          [
            4,
            5,
            0.5
          ]
        ]
      },
      {
        "step": 20,
        "hotspots": [
          [
            0,
            1,
            0.5
          ],
          [
            1,
            5,
            0.5
          ],
          [
            2,
            6,
            0.5
          ],
          [
            3,
            2,
            0.5
          ],
          [
            4,
            5,
            0.5
          ]
        ]
      },
      {
        "step": 30,
        "hotspots": [
          [
            0,
            1,
            0.5
          ],
          [
            1,
            5,
            0.5
          ],
          [
            2,
            6,
            0.5
          ],
          [
            3,
            2,
            0.5
          ],
          [
            4,
            5,
            0.5
          ]
        ]
      },
      {
        "step": 40,
        "hotspots": [
          [
            4,
            8,
            0.5034657359027997
          ],
          [
            0,
            1,
            0.5
          ],
          [
            1,
            5,
            0.5
          ],
          [
            2,
            6,
            0.5
          ],
          [
            3,
            2,
            0.5
          ]
        ]
      },
      {
        "step": 50,
        "hotspots": [
          [
            4,
            8,
            0.5034657359027997
          ],
          [
            8,
            9,
            0.5034657359027997
          ],
          [
            9,
            10,
            0.5034657359027997
          ],
          [
            0,
            1,
            0.5
          ],
          [
            1,
            5,
            0.5
          ]
        ]
      }
    ]
  },
  "trajectories": {
    "R0": [],
    "R1": [],
    "R2": [],
    "R3": [],
    "R4": [
      {
        "node": 8,
        "step": 40
      },
      {
        "node": 9,
        "step": 45
      },
      {
        "node": 10,
        "step": 50
      }
    ],
    "R5": [],
    "R6": [],
    "R7": []
  },
  "robot_summary": [
    {
      "id": "R0",
      "start": 0,
      "goal": 19,
      "status": "WAITING",
      "replan_count": 2,
      "steps_waiting": 16,
      "goal_reached_step": null
    },
    {
      "id": "R1",
      "start": 1,
      "goal": 18,
      "status": "WAITING",
      "replan_count": 2,
      "steps_waiting": 11,
      "goal_reached_step": null
    },
    {
      "id": "R2",
      "start": 2,
      "goal": 17,
      "status": "EMERGENCY_STOP",
      "replan_count": 2,
      "steps_waiting": 6,
      "goal_reached_step": null
    },
    {
      "id": "R3",
      "start": 3,
      "goal": 16,
      "status": "WAITING",
      "replan_count": 2,
      "steps_waiting": 1,
      "goal_reached_step": null
    },
    {
      "id": "R4",
      "start": 4,
      "goal": 15,
      "status": "MOVING",
      "replan_count": 1,
      "steps_waiting": 0,
      "goal_reached_step": null
    },
    {
      "id": "R5",
      "start": 5,
      "goal": 14,
      "status": "MOVING",
      "replan_count": 1,
      "steps_waiting": 5,
      "goal_reached_step": null
    },
    {
      "id": "R6",
      "start": 6,
      "goal": 13,
      "status": "EMERGENCY_STOP",
      "replan_count": 1,
      "steps_waiting": 1,
      "goal_reached_step": null
    },
    {
      "id": "R7",
      "start": 7,
      "goal": 12,
      "status": "WAITING",
      "replan_count": 0,
      "steps_waiting": 15,
      "goal_reached_step": null
    }
  ],
  "battery_stats": {
    "final_batteries": {
      "R0": 85.50000000000014,
      "R1": 91.24999999999991,
      "R2": 91.99999999999994,
      "R3": 100.0,
      "R4": 85.35000000000005,
      "R5": 92.60000000000007,
      "R6": 93.75000000000007,
      "R7": 100.0
    },
    "charging_stations": [
      3,
      7,
      11,
      15
    ],
    "robots_that_charged": [
      "R3",
      "R7"
    ]
  },
  "heatmap_file": "heatmap_test.png"
}