{
  "timestamp": "2026-04-19T20:25:12.171792",
  "simulation_steps": 1062,
  "scenario": "night_shift",
  "mode": "manual",
  "total_robots": 8,
  "robots_completed": 4,
  "completion_rate": "4/8",
  "metrics": {
    "total_steps": 1062,
    "deadlocks_resolved": 3,
    "avg_delay_per_robot": 153.67,
    "throughput": 0.0038,
    "robots_completed": 4,
    "total_robots": 8,
    "conflict_log": [
      {
        "step": 100,
        "type": "deadlock_resolved",
        "cycle": [
          "R1",
          "R0"
        ],
        "victim": "R1"
      },
      {
        "step": 695,
        "type": "deadlock_resolved",
        "cycle": [
          "R3",
          "R2"
        ],
        "victim": "R3"
      },
      {
        "step": 915,
        "type": "deadlock_resolved",
        "cycle": [
          "R4",
          "R3"
        ],
        "victim": "R4"
      }
    ],
    "throughput_history": [
      0,
      0,
      0,
      0,
      0,
      0,
      0,
      0,
      0,
      0,
      0,
      0,
      0,
      0,
      0,
      0,
      0,
      0,
      0,
      0,
      0,
      0,
      0,
      0,
      0,
      0,
      0,
      0,
      0,
      0,
      0,
      0,
      0,
      0,
      0,
      0,
      0,
      0,
      0,
      0,
      0,
      0,
      0,
      0,
      0,
      0,
      0,
      0,
      0,
      0,
      0,
      0,
      0,
      0,
      0,
      0,
      0,
      0,
      0,
      0,
      0,
      0,
      0,
      0,
      0,
      0,
      0,
      0,
      0,
      0,
      0,
      0,
      0,
      0,
      0,
      0,
      0,
      0,
      0,
      0,
      0,
      0,
      0,
      0,
      0,
      0,
      0,
      0,
      0,
      0,
      0,
      0,
      0,
      0,
      0,
      0,
      0,
      0,
      0,
      0,
      0,
      0,
      0,
      0,
      0,
      0
    ],
    "manual_completions": {
      "R0": 1,
      "R1": 2,
      "R2": 0,
      "R3": 0,
      "R4": 0,
      "R5": 1,
      "R6": 1,
      "R7": 0
    }
  },
  "heatmap_stats": {
    "total_traversals": 27,
    "hotspots": [
      [
        5,
        6,
        0.5080471895621705
      ],
      [
        6,
        10,
        0.5080471895621705
      ],
      [
        1,
        5,
        0.5069314718055995
      ],
      [
        10,
        11,
        0.5054930614433405
      ],
      [
        11,
        15,
        0.5054930614433405
      ]
    ],
    "step_history": [
      {
        "step": 970,
        "hotspots": [
          [
            5,
            6,
            0.5080471895621705
          ],
          [
            6,
            10,
            0.5080471895621705
          ],
          [
            1,
            5,
            0.5069314718055995
          ],
          [
            10,
            11,
            0.5054930614433405
          ],
          [
            11,
            15,
            0.5054930614433405
          ]
        ]
      },
      {
        "step": 980,
        "hotspots": [
          [
            5,
            6,
            0.5080471895621705
          ],
          [
            6,
            10,
            0.5080471895621705
          ],
          [
            1,
            5,
            0.5069314718055995
          ],
          [
            10,
            11,
            0.5054930614433405
          ],
          [
            11,
            15,
            0.5054930614433405
          ]
        ]
      },
      {
        "step": 990,
        "hotspots": [
          [
            5,
            6,
            0.5080471895621705
          ],
          [
            6,
            10,
            0.5080471895621705
          ],
          [
            1,
            5,
            0.5069314718055995
          ],
          [
            10,
            11,
            0.5054930614433405
          ],
          [
            11,
            15,
            0.5054930614433405
          ]
        ]
      },
      {
        "step": 1000,
        "hotspots": [
          [
            5,
            6,
            0.5080471895621705
          ],
          [
            6,
            10,
            0.5080471895621705
          ],
          [
            1,
            5,
            0.5069314718055995
          ],
          [
            10,
            11,
            0.5054930614433405
          ],
          [
            11,
            15,
            0.5054930614433405
          ]
        ]
      },
      {
        "step": 1010,
        "hotspots": [
          [
            5,
            6,
            0.5080471895621705
          ],
          [
            6,
            10,
            0.5080471895621705
          ],
          [
            1,
            5,
            0.5069314718055995
          ],
          [
            10,
            11,
            0.5054930614433405
          ],
          [
            11,
            15,
            0.5054930614433405
          ]
        ]
      },
      {
        "step": 1020,
        "hotspots": [
          [
            5,
            6,
            0.5080471895621705
          ],
          [
            6,
            10,
            0.5080471895621705
          ],
          [
            1,
            5,
            0.5069314718055995
          ],
          [
            10,
            11,
            0.5054930614433405
          ],
          [
            11,
            15,
            0.5054930614433405
          ]
        ]
      },
      {
        "step": 1030,
        "hotspots": [
          [
            5,
            6,
            0.5080471895621705
          ],
          [
            6,
            10,
            0.5080471895621705
          ],
          [
            1,
            5,
            0.5069314718055995
          ],
          [
            10,
            11,
            0.5054930614433405
          ],
          [
            11,
            15,
            0.5054930614433405
          ]
        ]
      },
      {
        "step": 1040,
        "hotspots": [
          [
            5,
            6,
            0.5080471895621705
          ],
          [
            6,
            10,
            0.5080471895621705
          ],
          [
            1,
            5,
            0.5069314718055995
          ],
          [
            10,
            11,
            0.5054930614433405
          ],
          [
            11,
            15,
            0.5054930614433405
          ]
        ]
      },
      {
        "step": 1050,
        "hotspots": [
          [
            5,
            6,
            0.5080471895621705
          ],
          [
            6,
            10,
            0.5080471895621705
          ],
          [
            1,
            5,
            0.5069314718055995
          ],
          [
            10,
            11,
            0.5054930614433405
          ],
          [
            11,
            15,
            0.5054930614433405
          ]
        ]
      },
      {
        "step": 1060,
        "hotspots": [
          [
            5,
            6,
            0.5080471895621705
          ],
          [
            6,
            10,
            0.5080471895621705
          ],
          [
            1,
            5,
            0.5069314718055995
          ],
          [
            10,
            11,
            0.5054930614433405
          ],
          [
            11,
            15,
            0.5054930614433405
          ]
        ]
      }
    ]
  },
  "trajectories": {
    "R0": [
      {
        "node": 1,
        "step": 112
      },
      {
        "node": 5,
        "step": 171
      },
      {
        "node": 6,
        "step": 176
      },
      {
        "node": 10,
        "step": 183
      },
      {
        "node": 11,
        "step": 190
      },
      {
        "node": 15,
        "step": 195
      },
      {
        "node": 19,
        "step": 205
      }
    ],
    "R1": [
      {
        "node": 5,